Id,Titre,Texte_tease,Date,Id-Auteur,Matière,Classe_recommandée,Notes,Conseil
1,Problème complexe,"Décompose le problème en étapes simples",2024-03-15,1,Mathématique,3ème,5,"Lorsqu'on est confronté à un problème complexe, en le décomposant en étapes plus simples, vous pouvez rendre la tâche beaucoup plus gérable et plus facile à aborder. La première étape consiste à bien comprendre le problème. Prenez le temps de lire attentivement l'énoncé, identifiez les données fournies et ce qui est demandé. Si nécessaire, reformulez le problème avec vos propres mots pour vous assurer que vous avez bien saisi tous les éléments.Ensuite, divisez le problème en sous-problèmes plus petits. Par exemple, si vous devez résoudre une équation complexe, commencez par isoler les différentes parties de l'équation. Cherchez d'abord à simplifier chaque terme ou à regrouper les termes similaires. Si vous devez écrire un texte, commencez par définir les idées principales avant de les détailler. L'objectif est de transformer un grand problème en une série de petites tâches plus faciles à accomplir.Une fois que vous avez des sous-problèmes clairs, abordez-les un par un. Concentrez-vous sur chaque étape sans vous laisser distraire par l'ensemble du problème. Résolvez chaque sous-problème comme s'il s'agissait d'un exercice indépendant. Cette approche vous permet de progresser de manière régulière et de ne pas être submergé par la complexité globale du problème. De plus, chaque sous-problème résolu vous donnera un sentiment de réussite qui vous encouragera à continuer.Enfin, après avoir résolu tous les sous-problèmes, rassemblez les solutions pour obtenir la solution finale. Vérifiez que chaque étape a été effectuée correctement et que la solution finale répond bien à la question posée. En résumé, décomposer un problème complexe en étapes simples permet de le rendre plus abordable et de renforcer votre confiance en vos capacités à le résoudre. Cette méthode est applicable non seulement en mathématiques, mais dans toutes les matières et même dans la vie quotidienne. Avec de la pratique, vous verrez que cette technique deviendra une habitude précieuse pour surmonter toutes sortes de défis."
2,Géométrie pratique,"Utilisez des exemples concrets pour comprendre les concepts",2024-05-27,1,Mathématique,2nde,1,"La géométrie peut sembler abstraite par moments, vous pouvez mieux comprendre les concepts et leurs applications pratiques. Lorsque vous étudiez des figures géométriques comme les triangles, les cercles ou les polygones, cherchez des exemples dans le monde qui vous entoure. Par exemple, observez comment les formes géométriques sont utilisées dans l'architecture, le design ou la nature. Cela vous aidera à visualiser les concepts et à les relier à des situations réelles.Aussi, n'hésitez pas à expérimenter avec des objets physiques. Utilisez des matériaux simples comme des cordes, des crayons et du papier pour créer des représentations des figures géométriques que vous étudiez. Manipulez ces objets pour explorer les propriétés et les relations entre les différentes parties. Par exemple, construisez différents types de triangles et mesurez leurs côtés et leurs angles pour découvrir les règles qui les gouvernent.Enfin, utilisez la géométrie pour résoudre des problèmes pratiques. Par exemple, si vous voulez planifier un jardin, utilisez des concepts géométriques comme le calcul d'aires pour déterminer la quantité de terre nécessaire ou la disposition optimale des parterres. En résumé, en utilisant des exemples concrets, en expérimentant avec des objets physiques et en appliquant les concepts à des problèmes réels, vous pouvez rendre la géométrie plus tangible et plus accessible."
3,Raisonnement logique,"Pratiquez la résolution de problèmes de manière régulière",2024-07-10,1,Mathématique,Terminale,4,"Le raisonnement logique est essentiel en mathématiques, la pratique est la clé. Pour améliorer vos compétences en résolution de problèmes, pratiquez régulièrement en travaillant sur une variété d'exercices et de défis. Commencez par des problèmes simples et progressez vers des problèmes plus complexes à mesure que vous gagnez en confiance et en compétence.Lorsque vous êtes confronté à un problème, prenez le temps de le comprendre en profondeur avant de commencer à chercher des solutions. Identifiez les informations fournies, les inconnues et les pistes potentielles pour résoudre le problème. Utilisez des schémas logiques, des diagrammes ou des tableaux si nécessaire pour organiser vos pensées et clarifier les relations entre les différentes parties du problème.Ensuite, explorez différentes stratégies de résolution. Parfois, il peut être utile de travailler de manière systématique en essayant différentes approches jusqu'à ce que vous trouviez celle qui fonctionne. N'ayez pas peur d'essayer des idées différentes ou de demander de l'aide si vous êtes bloqué. La résolution de problèmes est souvent un processus itératif où vous apprenez et vous ajustez au fur et à mesure que vous avancez.Enfin, prenez le temps d'analyser vos solutions une fois le problème résolu. Revoyez votre processus de résolution pour identifier les erreurs éventuelles et comprendre comment vous auriez pu aborder le problème de manière plus efficace. Apprenez de chaque expérience et utilisez ces enseignements pour affiner vos compétences en raisonnement logique. En résumé, pratiquez régulièrement la résolution de problèmes, adoptez une approche méthodique et réfléchie, et analysez vos solutions pour progresser dans votre compréhension du raisonnement logique."
4,Algèbre avancée,"Utilisez des techniques de simplification",2024-09-05,1,Mathématique,1ère,3,"L'algèbre avancée peut présenter des équations complexes et intimidantes, mais en utilisant des techniques de simplification, vous pouvez les rendre plus accessibles. Lorsque vous êtes confronté à une équation compliquée, commencez par identifier les termes similaires et les propriétés algébriques que vous pouvez utiliser pour les regrouper ou les simplifier. Par exemple, utilisez les propriétés des exposants pour simplifier les termes contenant des puissances, ou utilisez la distributivité pour regrouper les termes similaires.Ensuite, cherchez des facteurs communs que vous pouvez extraire de l'équation pour la simplifier davantage. La factorisation peut souvent rendre les équations plus faciles à manipuler en réduisant la taille des termes et en mettant en évidence les relations entre eux. Utilisez des techniques telles que la factorisation par groupement ou la factorisation quadratique pour extraire les facteurs communs et simplifier l'équation.Après avoir simplifié l'équation autant que possible, utilisez des méthodes de résolution appropriées pour trouver les solutions. Selon le type d'équation, vous pouvez utiliser des techniques telles que la substitution, la méthode du discriminant ou la résolution de systèmes d'équations pour trouver les valeurs des variables. Assurez-vous de vérifier vos solutions en les substituant dans l'équation d'origine pour vous assurer qu'elles sont correctes.En résumé, en utilisant des techniques de simplification telles que l'identification des termes similaires, la factorisation et des méthodes de résolution appropriées, vous pouvez aborder efficacement les équations complexes en algèbre avancée. La clé est de prendre le temps d'analyser l'équation, d'identifier les possibilités de simplification et d'appliquer les méthodes appropriées pour trouver les solutions."
5,Probabilités et statistiques,"Utilisez des exemples du monde réel pour comprendre les concepts",2024-10-20,1,Mathématique,Terminale,4,"Les probabilités et les statistiques peuvent sembler abstraits, vous pouvez mieux comprendre ces concepts et leur application pratique. Lorsque vous étudiez des notions comme les probabilités conditionnelles, les distributions de probabilité ou les tests statistiques, recherchez des exemples dans votre vie quotidienne ou dans des domaines qui vous intéressent. Par exemple, observez comment les sondages sont utilisés pour prendre des décisions politiques, ou comment les probabilités sont utilisées dans les jeux de hasard. Cela vous aidera à visualiser les concepts et à comprendre leur importance.Ensuite, pratiquez l'application des concepts à des situations réelles. Collectez des données sur des sujets qui vous intéressent, comme le temps qu'il fait, les performances d'une équipe sportive ou les résultats d'un sondage. En utilisant ces données, appliquez des techniques statistiques pour analyser les tendances, faire des prédictions ou tirer des conclusions. Par exemple, utilisez des méthodes d'échantillonnage pour estimer la taille d'une population, ou utilisez des tests d'hypothèses pour comparer deux groupes de données.Finalement, prenez du recul pour réfléchir à l'impact des probabilités et des statistiques dans votre vie quotidienne et dans le monde qui vous entoure. Comprenez comment ces concepts sont utilisés pour prendre des décisions informées dans de nombreux domaines, de la finance à la médecine en passant par les sciences sociales. En reliant les concepts abstraits à des exemples concrets, vous pouvez développer une compréhension plus profonde et une appréciation pour les probabilités et les statistiques."
6,Résolution de problèmes mathématiques,"Identifie les données fournies et les inconnues à trouver",2024-05-28,1,Mathématique,Toutes,4,"Lorsque tu es confronté à un problème mathématique, commence par identifier clairement les données fournies et ce que tu cherches à trouver. Cela peut inclure des chiffres, des énoncés, des formules ou des diagrammes. Assure-toi de comprendre pleinement ce que chaque élément représente et comment ils sont liés entre eux.Ensuite, analyse le problème et détermine quelles sont les étapes nécessaires pour arriver à la solution. Parfois, il peut être utile de faire un dessin, de créer une liste ou d'écrire les informations importantes pour t'aider à visualiser le problème.Développe ensuite un plan pour résoudre le problème. Cela peut impliquer l'utilisation de formules mathématiques, de techniques de résolution de problèmes ou de schémas logiques. Choisis la méthode qui te semble la plus appropriée en fonction du type de problème et de tes propres compétences.Résous le problème étape par étape en suivant ton plan. Garde une trace de chaque étape que tu fais et assure-toi de ne pas perdre de vue l'objectif final. Si tu es bloqué à un moment donné, reviens en arrière, relis le problème et réévalue ta stratégie.Finalement, une fois que tu as trouvé une solution, prends le temps de vérifier que celle-ci est correcte. Reviens sur chacune de tes étapes et assure-toi que tes calculs sont exacts. Si possible, essaie de vérifier ta réponse en utilisant une méthode alternative ou en appliquant des tests de raisonnement logique. En pratiquant régulièrement cette approche, tu deviendras plus confiant dans ta capacité à résoudre des problèmes mathématiques complexes."
7,Méthode scientifique,"Observe attentivement et pose des hypothèses",2024-05-28,1,SVT,Toutes,4,"Lorsque tu travailles en sciences de la vie et de la Terre (SVT), il est essentiel de suivre la méthode scientifique pour obtenir des résultats précis et fiables.Commence par observer attentivement le phénomène que tu étudies. Utilise tous tes sens pour recueillir des informations détaillées sur ce que tu observes. Prends des notes, fais des croquis et enregistre toutes tes observations pour avoir une base solide.Ensuite, pose des hypothèses sur les causes ou les mécanismes derrière le phénomène que tu observes. Tes hypothèses doivent être basées sur tes observations et sur tes connaissances antérieures en SVT. N'hésite pas à formuler plusieurs hypothèses pour explorer différentes possibilités.Planifie ensuite une expérience ou une série d'expériences pour tester tes hypothèses. Assure-toi que ton expérience est contrôlée et que tu ne manipules qu'une seule variable à la fois. Cela te permettra d'identifier précisément l'effet de cette variable sur le phénomène étudié.Analyse les résultats de ton expérience de manière critique. Compare tes observations avec tes hypothèses initiales et détermine si elles sont confirmées ou réfutées par les données expérimentales. Si tes résultats ne correspondent pas à tes attentes, réfléchis aux raisons possibles de cette divergence.Enfin, communique tes résultats de manière claire et précise. Utilise des graphiques, des tableaux ou des descriptions détaillées pour présenter tes données et tes conclusions. Sois honnête sur les limites de ton étude et propose des suggestions pour des recherches futures. En suivant cette approche rigoureuse, tu pourras mener des expériences SVT efficaces et contribuer à l'avancement des connaissances scientifiques."
8,Prise de notes efficace,"Organise tes notes par thèmes et utilise des schémas",2024-05-28,1,SVT,Toutes,5,"Lorsque tu prends des notes en sciences de la vie et de la Terre (SVT), il est important de les organiser de manière efficace pour faciliter ta compréhension et tes révisions ultérieures.Commence par diviser tes notes en différents thèmes ou sujets, en fonction de ce que tu étudies. Par exemple, tu pourrais avoir des sections pour la biologie cellulaire, l'écologie, la génétique, etc. Cela t'aidera à trouver rapidement l'information dont tu as besoin lorsque tu révises.Utilise des titres, des sous-titres et des puces pour structurer tes notes. Cela les rendra plus faciles à parcourir et à assimiler. Essaie d'être aussi concis que possible, en notant seulement les informations essentielles et en évitant les détails superflus.Pour les concepts complexes ou les processus biologiques, utilise des schémas ou des diagrammes pour illustrer tes notes. Les schémas peuvent aider à clarifier les relations entre les différentes parties d'un système ou à visualiser des processus dynamiques. N'hésite pas à utiliser des couleurs pour différencier les éléments importants et rendre tes schémas plus attractifs.Enfin, relis régulièrement tes notes pour t'assurer que tu les comprends bien. Si quelque chose te semble confus, prends le temps de le revoir et de le clarifier. N'hésite pas à poser des questions à ton professeur ou à rechercher des ressources supplémentaires pour approfondir ta compréhension. En adoptant une approche proactive de la prise de notes, tu seras mieux préparé(e) pour réussir tes études de SVT."
9,Méthode de révision efficace,"Utilise des cartes de révision et pratique les tests",2024-05-28,1,SVT,Toutes,5,"Lorsque tu révises pour tes examens de sciences de la vie et de la Terre (SVT), utilise des techniques de révision efficaces pour maximiser ta mémorisation et ta compréhension des concepts.Commence par créer des cartes de révision pour chaque sujet que tu étudies. Sur chaque carte, note un concept clé, une définition ou une explication, ainsi que des exemples pertinents. Utilise un côté de la carte pour écrire la question ou le concept, et l'autre côté pour écrire la réponse. Cela te permettra de tester tes connaissances et de renforcer ta mémoire de manière active.Pratique également les tests régulièrement pour t'évaluer et t'entraîner à répondre aux questions dans des conditions similaires à celles de l'examen. Utilise des questionnaires en ligne, des exercices dans tes manuels scolaires ou des tests de pratique fournis par ton professeur. Plus tu pratiques, plus tu seras à l'aise avec le format des questions et plus tu seras préparé(e) le jour de l'examen.En parallèle, organise des séances d'étude en groupe avec tes camarades de classe. Expliquer les concepts à d'autres personnes peut t'aider à consolider tes propres connaissances et à identifier les lacunes dans ta compréhension. De plus, discuter des questions avec tes pairs peut te donner des perspectives différentes et enrichir ta compréhension globale des sujets.Enfin, prends régulièrement des pauses pendant tes sessions de révision pour éviter la fatigue mentale et maximiser ton efficacité. Alterne entre des activités de révision actives, comme la résolution de problèmes, et des activités de détente, comme la marche ou la méditation. En adoptant une approche équilibrée de la révision, tu seras mieux préparé(e) pour réussir tes examens de SVT."
10,Approche expérimentale,"Soyez précis dans la collecte des données et analysez-les",2024-05-28,1,SVT,Toutes,0,"L'approche expérimentale est au cœur des sciences de la vie et de la Terre (SVT). Pour obtenir des résultats précis et fiables, il est essentiel de suivre une méthodologie rigoureuse lorsque vous menez des expériences.D'abord, assurez-vous d'être précis dans la collecte des données. Utilisez des instruments de mesure appropriés et calibrés correctement. Prenez des mesures multiples pour réduire les erreurs aléatoires et assurez-vous de noter toutes les observations pertinentes pendant l'expérience.Ensuite, analysez vos données de manière critique. Utilisez des outils statistiques pour évaluer la fiabilité de vos résultats et déterminer s'ils sont significatifs du point de vue scientifique. Recherchez des tendances ou des modèles dans vos données et interprétez-les à la lumière de vos hypothèses initiales.Soyez conscient des limites de votre étude et des facteurs pouvant influencer vos résultats. Identifiez les sources potentielles d'erreur et discutez de leur impact sur vos conclusions. Si nécessaire, envisagez de répéter l'expérience avec des modifications pour vérifier la validité de vos résultats.Enfin, communiquez vos résultats de manière claire et transparente. Rédigez un rapport détaillé de votre expérience, en incluant toutes les étapes de votre méthodologie, vos données brutes et vos analyses. Soyez honnête sur les incertitudes et les limitations de votre étude, et discutez des implications de vos résultats pour la compréhension scientifique globale.En suivant ces étapes, vous serez en mesure de mener des expériences SVT efficaces et de contribuer de manière significative à la recherche scientifique dans ce domaine."
11,Démarche et Investigation,"Prenez en compte les variables et contrôlez-les attentivement",2024-05-28,1,SVT,Toutes,0,"Lorsque vous menez une démarche d'investigation en sciences de la vie et de la Terre (SVT), il est crucial de comprendre et de contrôler les variables impliquées dans votre étude. Voici quelques conseils pour vous aider à le faire efficacement :Tout d'abord, identifiez les variables indépendantes, dépendantes et contrôlées dans votre expérience. La variable indépendante est celle que vous manipulez délibérément, la variable dépendante est celle que vous mesurez en réponse à la variable indépendante, et les variables contrôlées sont celles que vous maintenez constantes pour éviter qu'elles n'affectent vos résultats.Ensuite, assurez-vous de contrôler attentivement les variables contrôlées pour minimiser les interférences avec votre variable indépendante. Cela peut nécessiter une planification minutieuse et l'utilisation de conditions expérimentales spécifiques pour garantir que seules les variables que vous souhaitez étudier affectent vos résultats.Pendant l'expérience, prenez des mesures précises et consignez toutes les données pertinentes. Veillez à ce que vos méthodes de mesure soient fiables et reproductibles, et utilisez des outils appropriés pour minimiser les erreurs de mesure.Après avoir recueilli vos données, analysez-les soigneusement pour rechercher des tendances ou des relations significatives. Utilisez des techniques statistiques appropriées pour évaluer la signification de vos résultats et tirer des conclusions valides.Enfin, réfléchissez à la manière dont les variables que vous avez identifiées pourraient affecter vos résultats et discutez de leurs implications pour votre étude. Identifiez les limites de votre démarche d'investigation et suggérez des pistes pour des recherches futures qui pourraient approfondir notre compréhension du sujet.En suivant ces étapes, vous serez en mesure de mener une démarche d'investigation SVT rigoureuse et de produire des résultats scientifiquement valables."
12,Utilisation des sources,"Vérifiez la crédibilité et la pertinence des sources",2024-05-28,1,SVT,Toutes,0,"Lorsque vous utilisez des sources en sciences de la vie et de la Terre (SVT), il est essentiel de vous assurer qu'elles sont crédibles et pertinentes pour votre étude. Voici quelques conseils pour évaluer et sélectionner vos sources avec soin :Tout d'abord, vérifiez la crédibilité de la source. Assurez-vous qu'elle est publiée par des experts reconnus dans le domaine et qu'elle est affiliée à des institutions de recherche ou des revues scientifiques réputées. Méfiez-vous des sources non vérifiées ou auto-publiées qui pourraient manquer de rigueur scientifique.Ensuite, évaluez la pertinence de la source par rapport à votre sujet d'étude. Assurez-vous qu'elle aborde spécifiquement les aspects de la SVT que vous explorez et qu'elle fournit des informations utiles pour répondre à vos questions de recherche.Considérez également la date de publication de la source. Les découvertes scientifiques évoluent rapidement, il est donc préférable de privilégier les sources récentes qui reflètent les connaissances les plus à jour sur votre sujet.Enfin, croisez les informations provenant de différentes sources pour obtenir une image plus complète et équilibrée de votre sujet. Comparez les points de vue et les conclusions des différentes sources et soyez attentif aux éventuelles divergences ou controverses dans les résultats.En suivant ces conseils, vous serez en mesure d'utiliser des sources fiables et pertinentes pour appuyer votre travail en SVT, ce qui renforcera la qualité et la crédibilité de vos recherches."
13,Amélioration des compétences,"Pratiquez la lecture et l'écoute active",2024-05-28,1,Anglais,Toutes,4.5,"Pour améliorer vos compétences en anglais, il est essentiel de pratiquer régulièrement la lecture et l'écoute active. Voici quelques conseils pour vous aider à développer ces compétences de manière efficace :Commencez par lire régulièrement des textes en anglais. Choisissez des sujets qui vous intéressent et qui sont adaptés à votre niveau de compétence. Commencez par des textes courts et simples, puis progressez vers des matériaux plus complexes au fur et à mesure que votre maîtrise de la langue s'améliore. Prenez le temps de comprendre le vocabulaire et la grammaire utilisés dans les textes et essayez de deviner le sens des mots que vous ne connaissez pas.Utilisez également l'écoute active pour améliorer votre compréhension orale de l'anglais. Écoutez des podcasts, des émissions de radio, des vidéos ou des films en anglais et essayez de saisir le sens global du contenu. Répétez les phrases après les locuteurs pour travailler votre prononciation et votre intonation, et utilisez des sous-titres si nécessaire pour vous aider à suivre.Associez la lecture et l'écoute en choisissant des textes écrits qui sont également disponibles en format audio. Lisez le texte tout en écoutant la version audio pour renforcer votre compréhension et votre mémorisation du contenu.Practicez régulièrement la lecture à voix haute pour améliorer votre fluidité et votre prononciation en anglais. Choisissez des passages de texte qui vous plaisent et lisez-les à haute voix, en essayant de reproduire l'intonation et le rythme naturels de la langue.Enfin, n'ayez pas peur de faire des erreurs et de vous corriger. L'apprentissage d'une langue est un processus continu, et il est normal de commettre des erreurs en cours de route. Utilisez vos erreurs comme des opportunités d'apprentissage et continuez à pratiquer et à vous améliorer chaque jour."
14,Comprendre la gravité,"Explore les bases de la gravité et son influence",2024-05-29,2,Physique,6ème,1,"Pour bien comprendre la gravité en physique, il est important de commencer par les concepts de base. La gravité est une force qui attire les objets vers le centre de la Terre. Cette force est responsable de nombreux phénomènes que nous observons quotidiennement, comme la chute des objets vers le sol ou la sensation de poids que nous ressentons.La première étape consiste à observer des exemples de gravité dans la vie quotidienne. Par exemple, lâchez un objet comme une balle ou un crayon et observez comment il tombe. Essayez de réfléchir à pourquoi cela se produit. Ensuite, apprenez à différencier la gravité d'autres forces que vous connaissez, comme la poussée d'une main ou la résistance de l'air.Un bon exercice consiste à mesurer la gravité en utilisant des expériences simples. Par exemple, prenez deux objets de poids différents et lâchez-les en même temps pour observer qu'ils tombent à la même vitesse (en l'absence de résistance de l'air). Cela vous aidera à comprendre que la gravité agit de la même manière sur tous les objets, indépendamment de leur masse.Enfin, appliquez vos connaissances en gravité à des situations réelles. Par exemple, réfléchissez à la façon dont les astronautes se sentent dans l'espace où la gravité est beaucoup plus faible. Comment cela affecte-t-il leurs mouvements et leurs activités? En résumé, pour maîtriser les concepts de base de la gravité, il faut observer, expérimenter, et réfléchir à ses effets dans la vie quotidienne. Cette approche vous permettra de comprendre plus facilement d'autres concepts en physique et de développer une pensée scientifique."
15,Lecture régulière,"Lecture régulière et pratique de l'écriture",2024-05-29,1,Français,Seconde,4,"Pour améliorer vos compétences en français, la lecture régulière et la pratique de l'écriture sont essentielles. Commencez par lire tous les jours, même si ce ne sont que quelques pages d'un livre, d'une bande dessinée ou d'un article intéressant. Choisissez des livres adaptés à votre niveau et à vos centres d'intérêt. En lisant, prenez le temps de comprendre le sens des mots et des phrases. Si vous rencontrez un mot que vous ne connaissez pas, essayez de deviner sa signification en fonction du contexte ou cherchez-le dans un dictionnaire.En parallèle, pratiquez régulièrement l'écriture. Vous pouvez commencer par écrire quelques phrases chaque jour dans un journal personnel. Essayez d'exprimer vos pensées, vos expériences ou même de créer des histoires. L'important est de pratiquer l'écriture de manière régulière et de vous familiariser avec la structure des phrases, l'orthographe et la grammaire. N'ayez pas peur de faire des erreurs, c'est en corrigeant vos erreurs que vous apprendrez et progresserez.En résumé, pour améliorer vos compétences en français, faites de la lecture et de l'écriture des habitudes quotidiennes. Plus vous lirez et écrirez, plus vous développerez votre vocabulaire, votre compréhension de la langue et vos compétences en expression écrite. Alors, prenez chaque occasion comme une opportunité d'apprendre et de vous améliorer ! "
16,Diversifier ses lectures,"Diversifier ses lectures et pratiquer l'expression écrite",2024-05-29,1,Français,3ème,4,"Pour enrichir votre maîtrise de la langue française, il est essentiel de diversifier vos lectures et de pratiquer régulièrement l'expression écrite. Commencez par explorer différents genres littéraires tels que les romans, les poèmes, les bandes dessinées, les articles de journaux, et même les paroles de chansons. Choisissez des textes qui vous intéressent et qui correspondent à votre niveau de compréhension. En lisant une variété de textes, vous découvrirez de nouveaux mots, expressions et styles d'écriture, ce qui enrichira votre vocabulaire et votre compréhension de la langue.En parallèle de la lecture, pratiquez régulièrement l'expression écrite en écrivant sur des sujets divers. Vous pouvez tenir un journal intime pour exprimer vos émotions, rédiger des critiques de livres ou de films que vous avez appréciés, ou même écrire des histoires imaginatives. L'important est de vous exercer à organiser vos idées de manière cohérente, à utiliser un vocabulaire varié et à respecter les règles de grammaire et d'orthographe. N'hésitez pas à relire et à corriger vos textes pour améliorer leur qualité.En outre, profitez des ressources en ligne disponibles pour enrichir votre expérience de lecture et d'écriture. Explorez des blogs littéraires, des forums de discussion sur des sujets qui vous intéressent, ou des plateformes d'écriture collaborative où vous pourrez partager vos textes avec d'autres personnes et recevoir des retours constructifs. Ces échanges vous aideront à développer votre sens critique et votre créativité.En résumé, pour améliorer vos compétences en français, diversifiez vos lectures et pratiquez régulièrement l'expression écrite. Explorez différents genres littéraires, écrivez sur des sujets variés, et profitez des ressources en ligne pour enrichir votre expérience. Avec de la pratique et de la persévérance, vous progresserez dans votre maîtrise de la langue française et développerez votre propre style d'écriture."
17,Analyse de texte,"Utiliser des outils d'analyse de texte et pratiquer la récitation",2024-05-29,1,Français,4ème,3,"Pour renforcer vos compétences en français, vous pouvez utiliser des outils d'analyse de texte et pratiquer la récitation. Les outils d'analyse de texte, tels que les dictionnaires en ligne, les correcteurs orthographiques et grammaticaux, ainsi que les outils de synthèse de texte, peuvent vous aider à comprendre et à améliorer la structure de vos phrases, l'orthographe, la grammaire et la syntaxe. Utilisez-les régulièrement pour corriger vos erreurs et améliorer la qualité de vos écrits.En parallèle, la récitation est un excellent moyen d'améliorer votre diction, votre prononciation et votre mémoire. Choisissez des poèmes, des passages de texte ou des dialogues de pièces de théâtre que vous aimez, et récitez-les à voix haute. Concentrez-vous sur l'intonation, le rythme et l'articulation des mots. Vous pouvez également enregistrer votre récitation et vous écouter pour identifier les points à améliorer. Pratiquez régulièrement la récitation pour développer votre aisance à l'oral et votre capacité à communiquer efficacement.En outre, participez à des activités de lecture à voix haute, telles que des séances de lecture en classe ou des concours de lecture. Ces activités vous permettront de mettre en pratique vos compétences de récitation devant un public, de gagner en confiance en vous-même et de recevoir des retours constructifs de vos pairs et de vos enseignants. N'hésitez pas à demander des conseils et des recommandations pour améliorer votre performance.En résumé, pour améliorer vos compétences en français, utilisez des outils d'analyse de texte pour corriger vos écrits et pratiquez la récitation pour développer votre diction et votre expression orale. En combinant ces deux approches, vous renforcerez votre maîtrise de la langue française et deviendrez un communicateur plus efficace."
18,Pratiquer la lecture active,"Pratiquer la lecture active et l'analyse de texte",2024-05-29,1,Français,Seconde,4,"Pour améliorer vos compétences en français, il est important de pratiquer la lecture active et l'analyse de texte. La lecture active consiste à être attentif et engagé dans la lecture d'un texte en posant des questions, en soulignant les informations importantes, et en faisant des liens avec vos connaissances et expériences personnelles. Avant de commencer à lire, identifiez l'objectif de votre lecture et posez-vous des questions sur le texte, telles que : Quel est le sujet principal ? Quels sont les éléments clés de l'argumentation ? Quelles émotions ou idées l'auteur cherche-t-il à transmettre ? Ensuite, pratiquez l'analyse de texte en examinant attentivement la structure, le style d'écriture, le vocabulaire et les thèmes abordés. Identifiez les éléments de rhétorique utilisés par l'auteur pour convaincre ou persuader le lecteur, et analysez comment ces éléments contribuent à l'efficacité du texte. Prenez des notes sur vos observations et discutez-en avec vos camarades de classe ou vos enseignants pour approfondir votre compréhension.En parallèle de la lecture active et de l'analyse de texte, pratiquez également la rédaction d'analyses et de commentaires sur des textes littéraires, des articles de presse ou des documents historiques. Exercez-vous à structurer vos idées de manière claire et cohérente, à utiliser des exemples concrets pour étayer vos arguments, et à faire preuve de précision dans votre expression écrite. N'hésitez pas à demander des retours sur vos écrits pour identifier vos points forts et vos axes d'amélioration.En résumé, pour améliorer vos compétences en français, pratiquez la lecture active et l'analyse de texte en posant des questions, en examinant attentivement la structure et le style d'écriture, et en rédigeant des analyses claires et argumentées. En développant ces compétences, vous deviendrez un lecteur plus critique et un rédacteur plus efficace."
19,Exploiter les ressources,"Exploiter les ressources en ligne pour la pratique de la langue",2024-05-29,1,Français,Première,0,"Pour enrichir votre apprentissage du français, utilisez les ressources en ligne disponibles pour pratiquer la langue de manière interactive et ludique. De nombreux sites web et applications offrent des exercices variés pour renforcer votre vocabulaire, votre grammaire, votre compréhension de texte et votre expression écrite. Commencez par explorer des sites éducatifs qui proposent des jeux, des quiz et des activités interactives adaptées à votre niveau scolaire. Ces activités vous permettront d'apprendre de manière ludique tout en consolidant vos connaissances linguistiques. Certains sites offrent également des fonctionnalités de suivi de progression pour vous aider à mesurer vos progrès au fil du temps. En outre, profitez des ressources audiovisuelles disponibles en ligne pour améliorer votre compréhension orale et votre prononciation. Regardez des vidéos, des émissions de télévision, des films ou des clips musicaux en français et essayez de suivre le contenu en vous concentrant sur les mots et les expressions utilisés. Répétez les phrases après les locuteurs pour travailler votre prononciation et votre intonation. Enfin, engagez-vous dans des discussions en ligne avec d'autres apprenants ou des locuteurs natifs de français. Rejoignez des forums de discussion, des groupes sur les réseaux sociaux ou des communautés d'apprentissage en ligne où vous pourrez échanger des idées, poser des questions et pratiquer votre expression écrite en français. L'interaction avec d'autres personnes vous permettra de mettre en pratique vos compétences linguistiques dans des situations réelles et de recevoir des retours immédiats. En résumé, pour améliorer vos compétences en français, exploitez les ressources en ligne pour pratiquer la langue de manière interactive et ludique. Utilisez des sites éducatifs pour des exercices variés, regardez des contenus audiovisuels en français pour améliorer votre compréhension orale, et engagez-vous dans des discussions en ligne pour pratiquer votre expression écrite. Avec de la pratique régulière, vous progresserez dans votre maîtrise de la langue française."
20,La lecture comme inspiration,"Utiliser la lecture comme source d'inspiration pour l'écriture créative",2024-05-29,1,Français,Terminale,4,"Pour développer votre créativité et votre expression écrite en français, utilisez la lecture comme source d'inspiration. Lorsque vous lisez des livres, des poèmes ou des histoires, prenez note des techniques d'écriture, des styles narratifs et des thèmes abordés par les auteurs. Analysez ce qui vous attire dans ces textes et réfléchissez à la manière dont vous pourriez les appliquer dans vos propres écrits. En vous inspirant de vos lectures, pratiquez l'écriture créative en explorant différents genres littéraires tels que le conte, la science-fiction, le fantastique, ou encore le récit historique. Laissez libre cours à votre imagination et écrivez des histoires originales en utilisant les éléments que vous avez trouvés intéressants dans vos lectures. N'ayez pas peur d'expérimenter avec les mots, les personnages et les situations pour créer des récits captivants. En parallèle de l'écriture créative, participez à des ateliers d'écriture ou rejoignez un club de lecture où vous pourrez partager vos écrits avec d'autres passionnés de littérature. Recevoir des retours et des conseils constructifs de vos pairs vous aidera à améliorer vos compétences d'écriture et à développer votre style personnel. Profitez également de ces occasions pour lire vos propres textes à voix haute et découvrir comment ils résonnent avec un public. En résumé, pour améliorer vos compétences en français, utilisez la lecture comme source d'inspiration pour l'écriture créative. Analysez les techniques d'écriture des auteurs, explorez différents genres littéraires, et pratiquez l'écriture de manière régulière en partageant vos textes avec d'autres passionnés de littérature. En développant votre créativité et votre expression écrite, vous deviendrez un écrivain plus confiant et compétent."
21,Lois de Newton,"Apprends les bases des lois de Newton et leur application",2024-05-29,2,Physique,4ème,4,"Pour bien comprendre les lois de Newton en physique, il est essentiel de se familiariser avec leurs principes de base et leurs applications. Les lois de Newton sont fondamentales pour expliquer le mouvement des objets.La première loi de Newton, ou loi de l'inertie, stipule qu'un objet reste au repos ou en mouvement rectiligne uniforme sauf si une force extérieure agit sur lui. Pour illustrer cela, imaginez une balle posée sur le sol : elle ne bougera pas tant que vous ne la poussez pas. De même, une balle en mouvement continuera à rouler tant qu'aucune force (comme la friction) ne la ralentit.La deuxième loi de Newton relie la force, la masse et l'accélération dans la formule F = m * a (force égale masse multipliée par l'accélération). Pour bien comprendre cette loi, essayez de pousser des objets de différentes masses et observez comment l'accélération change en fonction de la force appliquée. Par exemple, une petite balle accélérera plus facilement qu'une lourde boîte avec la même force.La troisième loi de Newton, ou loi de l'action-réaction, affirme que pour chaque action, il existe une réaction égale et opposée. Un bon exemple est le mouvement d'une fusée : les gaz expulsés vers l'arrière poussent la fusée vers l'avant. Vous pouvez également expérimenter en poussant un mur : vous sentez une force égale qui vous repousse.Enfin, appliquez ces lois à des situations pratiques. Par exemple, réfléchissez à comment les lois de Newton expliquent le fonctionnement des voitures, des avions, et même des sports que vous pratiquez. Essayez de résoudre des problèmes simples en utilisant ces lois pour renforcer votre compréhension."
22,Les ondes et leurs propriétés,"Comprends les bases des ondes et leur comportement",2024-05-29,2,Physique,2nde,2,"Pour bien comprendre les ondes et leurs propriétés en physique, il est essentiel de se familiariser avec les concepts de base et leurs applications. Les ondes sont des perturbations qui se propagent dans un milieu, transportant de l'énergie sans transporter de matière.Commence par différencier les types d'ondes : les ondes mécaniques, qui nécessitent un milieu pour se propager (comme les vagues sur l'eau ou les ondes sonores), et les ondes électromagnétiques, qui peuvent se propager dans le vide (comme la lumière ou les ondes radio). Visualiser ces concepts à travers des expériences simples peut être très utile.La première étape est de comprendre les caractéristiques des ondes, comme la longueur d'onde, la fréquence, et l'amplitude. Par exemple, dessinez une onde sinusoïdale et identifiez ces différentes parties. Vous pouvez aussi observer des ondes dans l'eau en jetant une pierre dans un étang et en notant comment les vagues se forment et se propagent.Ensuite, explorez les comportements des ondes, comme la réflexion, la réfraction, et la diffraction. Utilisez des expériences simples pour observer ces phénomènes. Par exemple, dirigez un faisceau de lumière sur un miroir pour voir la réflexion, ou faites passer une onde sonore à travers différents matériaux pour observer la réfraction.Un aspect important à comprendre est l'effet Doppler, qui explique pourquoi le son d'une sirène semble changer de hauteur lorsqu'elle passe près de vous. Vous pouvez expérimenter avec des sources sonores en mouvement pour mieux saisir ce concept.Enfin, appliquez ces connaissances à des situations pratiques. Réfléchissez à comment les ondes sont utilisées dans la vie quotidienne, comme dans les télécommunications, les micro-ondes, et les dispositifs médicaux. Essayez de résoudre des problèmes simples en utilisant les propriétés des ondes pour renforcer votre compréhension.En résumé, pour maîtriser les concepts des ondes, il est important de comprendre chaque type d'onde et leurs propriétés, d'observer et d'expérimenter leurs comportements, et de les appliquer à des situations réelles. Cette méthode vous aidera à développer une solide base en physique et à mieux comprendre le monde qui vous entoure."
23,Électricité de base,"Apprends les concepts fondamentaux de l'électricité",2024-05-29,2,Physique,2nde,3,"Pour bien comprendre les bases de l'électricité en physique, il est important de se familiariser avec les concepts fondamentaux et leurs applications pratiques. L'électricité est une forme d'énergie résultant du mouvement de charges électriques, généralement des électrons.Commencez par apprendre les concepts de base comme la charge électrique, le courant électrique, la tension et la résistance. La charge électrique est une propriété des particules subatomiques, et le courant électrique est le flux de charges dans un circuit. La tension est la différence de potentiel entre deux points d'un circuit, et la résistance est la mesure de l'opposition au passage du courant.Une bonne façon de visualiser ces concepts est d'utiliser des analogies, comme comparer un circuit électrique à un système de plomberie. La tension serait comparable à la pression de l'eau, le courant à l'écoulement de l'eau, et la résistance à la taille des tuyaux.Ensuite, explorez la loi d'Ohm, qui relie la tension (V), le courant (I) et la résistance (R) dans la formule V = I * R. Utilisez cette loi pour résoudre des problèmes simples. Par exemple, si vous connaissez deux des trois valeurs, vous pouvez calculer la troisième.Apprenez à identifier et utiliser les composants de base des circuits électriques, comme les résistances, les condensateurs, et les interrupteurs. Montez des circuits simples à l'aide d'une plaque d'expérimentation (breadboard) pour observer comment les composants interagissent.Enfin, appliquez vos connaissances à des situations réelles. Pensez à comment l'électricité est utilisée dans la vie quotidienne, comme dans les appareils électroménagers, les voitures électriques, et les systèmes d'éclairage. Essayez de comprendre comment les circuits plus complexes fonctionnent en utilisant les principes que vous avez appris.En résumé, pour maîtriser les bases de l'électricité, il est important de comprendre les concepts fondamentaux, de visualiser les analogies, d'explorer la loi d'Ohm, et de pratiquer avec des circuits simples. Cette approche vous aidera à développer une solide base en physique et à mieux comprendre les applications pratiques de l'électricité."
24,Les états de la matière,"Comprends les différents états de la matière et leurs propriétés",2024-05-29,3,Physique,5ème,3,"Pour bien comprendre les états de la matière en physique, il est essentiel de se familiariser avec les concepts de base et leurs caractéristiques. La matière existe principalement en trois états : solide, liquide, et gazeux. Commencez par identifier et observer des exemples de chaque état de la matière dans votre environnement quotidien. Par exemple, un glaçon représente un état solide, l'eau représente un état liquide, et la vapeur d'eau représente un état gazeux. La première étape consiste à comprendre les propriétés de chaque état. Les solides ont une forme et un volume définis, les liquides ont un volume défini mais prennent la forme de leur contenant, et les gaz n'ont ni forme ni volume définis, se répandant pour remplir tout l'espace disponible. Explorez ensuite les processus de changement d'état. Par exemple, la fusion est le passage d'un solide à un liquide (comme la glace qui fond), et l'évaporation est le passage d'un liquide à un gaz (comme l'eau qui s'évapore). Expérimentez ces changements en observant des glaçons fondre ou de l'eau bouillir. Comprenez les concepts de température et de pression et leur influence sur les états de la matière. Par exemple, augmenter la température d'un solide peut le transformer en liquide, et augmenter la pression d'un gaz peut le transformer en liquide. Utilisez des thermomètres et des manomètres simples pour mesurer ces changements. Enfin, appliquez vos connaissances à des phénomènes naturels et à des situations réelles. Réfléchissez à comment la matière change d'état dans la nature, comme la formation des nuages (condensation) ou la solidification de la lave. Essayez de résoudre des questions simples en utilisant vos observations sur les états de la matière et leurs transformations. En résumé, pour maîtriser les états de la matière, il est important de comprendre leurs propriétés, d'observer les changements d'état, d'explorer l'influence de la température et de la pression, et d'appliquer ces concepts à des situations réelles. Cette méthode vous aidera à développer une solide base en physique et à mieux comprendre les phénomènes naturels."
25,La relativité restreinte,"Comprends les bases de la relativité restreinte d'Einstein",2024-05-29,1,Physique,Terminale,0,"Pour bien comprendre la relativité restreinte en physique, il est essentiel de se familiariser avec les concepts de base et leurs implications. La théorie de la relativité restreinte, proposée par Albert Einstein en 1905, révolutionne notre compréhension de l'espace, du temps et de l'énergie. Commencez par les postulats de base de la relativité restreinte : 1) Les lois de la physique sont les mêmes dans tous les référentiels inertiels (c'est-à-dire ceux qui ne sont pas en accélération). 2) La vitesse de la lumière dans le vide est constante et indépendante du mouvement de la source ou de l'observateur. Ensuite, explorez les conséquences de ces postulats. Par exemple, le concept de la dilatation du temps stipule que le temps s'écoule plus lentement pour un observateur en mouvement par rapport à un observateur au repos. Une manière de visualiser cela est d'imaginer des jumeaux, où l'un voyage dans l'espace à une vitesse proche de celle de la lumière et l'autre reste sur Terre. À son retour, le voyageur spatial serait plus jeune que son frère resté sur Terre.Comprenez également la contraction des longueurs, où un objet en mouvement rapide par rapport à un observateur se contracte dans la direction de son mouvement. Ceci peut être exploré en examinant des exemples théoriques et en résolvant des problèmes mathématiques associés.Un autre aspect clé est l'équivalence masse-énergie, formulée par l'équation célèbre E = mc^2, qui montre que la masse peut être convertie en énergie et vice versa. Réfléchissez à des applications de ce concept, comme dans les réactions nucléaires où une petite quantité de masse se convertit en une grande quantité d'énergie.Appliquez vos connaissances à des problèmes réels et théoriques. Par exemple, considérez comment la relativité restreinte affecte les systèmes GPS qui doivent corriger les effets relativistes pour fournir des positions précises. Étudiez aussi les expériences historiques, comme l'expérience de Michelson-Morley, qui ont conduit au développement de la relativité restreinte.En résumé, pour maîtriser la relativité restreinte, il est important de comprendre ses postulats de base, d'explorer les concepts de dilatation du temps et de contraction des longueurs, de saisir l'équivalence masse-énergie, et d'appliquer ces idées à des situations réelles et théoriques. Cette approche vous aidera à développer une solide compréhension des principes fondamentaux de la physique moderne."
26,La pression et ses effets,"Comprends les bases de la pression et son application",2024-05-29,0,Physique,3ème,0,"Pour bien comprendre la pression en physique, il est essentiel de se familiariser avec les concepts de base et leurs applications. La pression est définie comme la force exercée sur une surface par unité de surface.Commencez par apprendre les concepts fondamentaux de la pression. La formule de base est P = F/A, où P est la pression, F est la force, et A est la surface sur laquelle la force est appliquée. Pour visualiser cela, pensez à la différence entre marcher sur du sable avec des chaussures normales et des raquettes : les raquettes répartissent votre poids sur une plus grande surface, réduisant ainsi la pression et vous empêchant de vous enfoncer.Ensuite, explorez comment la pression fonctionne dans les liquides et les gaz. Par exemple, la pression dans un liquide augmente avec la profondeur en raison du poids du liquide au-dessus. Cela peut être observé en plongeant une bouteille percée de trous dans l'eau et en notant que l'eau jaillit plus fortement des trous inférieurs.Un autre concept clé est la loi de Pascal, qui stipule que la pression appliquée à un fluide confiné est transmise intégralement dans toutes les directions. Cela explique le fonctionnement des systèmes hydrauliques, comme les freins de voiture et les presses hydrauliques. Essayez de réaliser des expériences simples avec des seringues connectées par des tubes pour observer ce principe en action.Comprenez aussi la pression atmosphérique, qui est la pression exercée par l'air autour de nous. Utilisez des baromètres pour mesurer la pression atmosphérique et explorez comment elle varie avec l'altitude. Par exemple, la pression diminue lorsque vous montez en montagne, ce qui peut être observé en utilisant des sacs en plastique scellés qui se gonflent à mesure que vous montez.Enfin, appliquez vos connaissances à des phénomènes réels, comme la conception des avions qui doivent équilibrer la pression interne et externe, ou les sous-marins qui doivent résister à des pressions élevées sous l'eau. Résolvez des problèmes simples en utilisant les concepts de pression pour renforcer votre compréhension.En résumé, pour maîtriser les bases de la pression, il est important de comprendre les concepts fondamentaux, d'explorer la pression dans les liquides et les gaz, de comprendre la loi de Pascal, et de se familiariser avec la pression atmosphérique. Cette approche vous aidera à développer une solide base en physique et à mieux comprendre les applications pratiques de la pression."
27,La liberté,"Explore les différentes conceptions de la liberté",2024-05-29,6,Philosophie,Terminale,5,"Pour comprendre la notion de liberté en philosophie, il est important d'explorer les différentes conceptions qui en sont proposées. Commencez par différencier la liberté d'action (faire ce que l'on veut) de la liberté de volonté (vouloir ce que l'on veut). Étudiez des philosophes comme John Locke, qui voit la liberté comme l'absence de contrainte extérieure, et Jean-Jacques Rousseau, qui parle de liberté comme autonomie et obéissance à la loi que l'on se donne soi-même. Enfin, considérez les critiques modernes de la liberté individuelle, comme celles formulées par les existentialistes qui lient la liberté à la responsabilité et l'angoisse."
28,La justice,"Analyse les théories de la justice et leur application",2024-05-29,7,Philosophie,Terminale,3,"Pour aborder la question de la justice en philosophie, commencez par étudier les théories classiques de Platon et Aristote, qui lient la justice à l'ordre et à la vertu. Explorez ensuite les conceptions modernes comme celle de John Rawls, qui propose la justice comme équité et introduit le concept du 'voile d'ignorance'. Comparez ces théories avec celles de philosophes contemporains comme Amartya Sen, qui critique l'approche de Rawls et propose une perspective plus pragmatique et comparative de la justice. En appliquant ces théories à des problèmes concrets, vous pouvez mieux comprendre leurs implications et limites."
29,Le bonheur,"Examine les différentes approches philosophiques du bonheur",2024-05-29,8,Philosophie,Terminale,0,"Pour comprendre le concept de bonheur en philosophie, explorez les différentes approches qui en ont été faites. Les philosophes antiques comme Aristote définissent le bonheur comme l'eudaimonia, ou la réalisation de soi à travers la vertu. Les épicuriens et les stoïciens proposent des visions contrastées, avec le bonheur comme recherche du plaisir ou maîtrise de soi respectivement. En philosophie moderne, des penseurs comme Kant considèrent le bonheur comme une question secondaire par rapport au devoir moral. Comparez ces perspectives et réfléchissez à leur pertinence pour votre propre conception du bonheur."
30,La vérité,"Interroge les différentes théories de la vérité",2024-05-29,9,Philosophie,Terminale,0,"Pour aborder la question de la vérité en philosophie, commencez par comprendre les différentes théories qui existent. La correspondance (vérité comme adéquation avec la réalité), la cohérence (vérité comme cohérence interne d'un système de croyances), et le pragmatisme (vérité comme utilité pratique). Étudiez des philosophes comme Descartes, qui recherche des vérités indubitables, et Nietzsche, qui critique la notion de vérité objective. En analysant ces perspectives, vous pourrez mieux comprendre les enjeux et les défis liés à la quête de la vérité."
31,La conscience,"Explore les différentes conceptions de la conscience",2024-05-29,10,Philosophie,Terminale,0,"Pour étudier la conscience en philosophie, il est important de comprendre les différentes conceptions qui existent. Commencez par la phénoménologie de Husserl, qui voit la conscience comme intentionnalité (être dirigée vers quelque chose). Explorez ensuite la perspective cartésienne de la conscience comme connaissance de soi, et la critique de cette perspective par des philosophes comme Heidegger et Sartre, qui mettent l'accent sur la conscience comme être-au-monde et liberté radicale. Réfléchissez aussi aux apports des neurosciences contemporaines et à leur impact sur la philosophie de la conscience."
32,La morale,"Analyse les différentes théories éthiques et leur application",2024-05-29,11,Philosophie,Terminale,0,"Pour comprendre la morale en philosophie, commencez par étudier les théories éthiques classiques comme le déontologisme de Kant, qui pose le devoir moral comme absolu, et l'utilitarisme de Bentham et Mill, qui évalue les actions en fonction de leur utilité et des conséquences pour le bonheur. Comparez ces perspectives avec l'éthique des vertus d'Aristote, qui met l'accent sur le caractère moral et la réalisation de soi à travers la vertu. En appliquant ces théories à des dilemmes moraux contemporains, vous pouvez mieux comprendre leurs implications et les défis éthiques actuels."
